PVN-Spannung	Klystron-Spannung	Klystron-Strom	Klystron-Stom(500 Ohm)
-0.00025394579108333046	-0.56174918706225	-0.000449531746955	-0.0003174450683052381
0.03349723722549999	0.34103859830150013	-4.226954204000002e-06	-8.616336184142833e-06
-0.027879157081013337	-0.34813228668735	-0.0002504223288179666	-0.00035541443891690474
-0.012022116293233331	-0.1644402629775	-7.834782235875e-05	-0.000222757587411
0.008669826526999998	-0.014696665866999994	0.0004256836542966666	0.00018608507784190477
-0.0249463834234	-0.2846418339055	-7.935769728633333e-05	-0.00022072863958254757
-0.00013665223150000823	-0.5670170439737501	-0.0004544479509016666	-0.00032100258203738094
-0.020436618239499167	-0.25614977084222496	-7.289386789983332e-05	-0.00020739036677285713
0.007101203829916667	-1.3738146048000002	-0.002975578412399999	-0.0011564386302857141
6.132541966666443e-05	-0.30725250738724996	-0.00019161963951416672	-0.00013690152375261895
-0.019016826593397502	-0.23670269407279995	-7.395538874016666e-05	-0.00021178825463757142
-0.026426286618430002	-0.33159225769854994	-0.0002326373834319	-0.00032975268867357145
0.04180958548479998	0.5659430974542498	8.101193799533325e-05	-7.979412654285352e-06
-3.733322394116671e-05	-0.7235167991812499	-0.0006399065788916667	-0.00045163335907666657
0.05217017842575833	0.5038044467595001	-4.117315409499998e-06	-8.228893374380974e-06
-0.013345286691305334	-0.14459429060869997	-5.2705938697733324e-05	-0.00015378122693550473
-2.7652736705666625e-06	-0.9836750060939999	-0.0010410026739725	-0.0007341146354765476
-2.2697820003000176e-06	-0.9609816870485	-0.0010011611714816667	-0.0007059910896069046
-0.02158081208161	-0.26493363452325	7.337164392080011e-06	-0.00033357618295652377
-0.015582700643996666	-0.1944871663408	-9.790836255054998e-05	-7.123107157628569e-05
-0.024142445667488334	-0.29667591521785003	-0.00019763345029109996	-0.00027900492490280947
-3.977589147766664e-05	-0.8927624107047499	-0.0008888178654250001	-0.0006250176981326189
-0.02214307839683	-0.0015249966131750134	-7.5586200771e-05	-0.00021330279506423806
0.003677415029000001	-0.26076510518685	-7.442597633725e-05	-0.0002124961325980476
-0.029386163532866667	-0.361222661091	-0.0002623733300680666	-0.00037297070522709523
-1.1506979715066696e-05	-0.9752818936580001	-0.0010901366861466666	-0.0007580250807028571
0.033724823027950004	0.3413049134595	-4.237725052500002e-06	-8.432312869749991e-06
-0.037814946757666675	-0.46417882737925	-0.00019196688406586664	-0.0005464236714871429
0.0008546404480000014	-0.9199684822359999	-0.0009284892454908333	-0.0013332268945642858
0.0002149934313333337	-0.7286219427239999	-0.0006803019463841666	-0.0004796662357004762
0.0003101888559166666	-0.7549889768967499	-0.0007091029575116666	-0.0005046412672683335
0.0001889984954166675	-0.6208864503467499	-0.0005203680778466665	-0.0003693698068184523
-0.012215644534939998	-0.15804243862282502	-7.398121519133332e-05	-0.00021124058963880956
-0.017753979151386667	-0.19331546848060002	2.637095120086665e-05	-0.001094077293942857
-0.0003642022583333351	-0.3003404270935	-0.0001792922672941667	-0.00013089702306738095
-4.182877666033319e-05	-0.5362959791799999	-0.00041163228331750004	-0.0002897378572291667
-3.261318629908348e-06	-0.9494298633167501	-0.0009802593438391664	-0.000692481793932381
0.0002802167645833322	-0.34823076404825	-0.0002135702846591666	-0.0001568655396264286
-0.015450653942463333	-0.19562608061434997	-9.81367352379e-05	-7.093727301795236e-05
0.0008960382784166634	-0.2879907617	-0.00017264988497083333	-0.00012107621328190476
-0.030147176112833334	-0.3619772445358	-0.00026553390681910004	-0.00037678002117628567
0.00011119962233332973	-0.700906787415	-0.0006257369218575001	-0.000446121634905119
-0.02403634977983334	-0.296641017811825	-0.00019771776791226666	-0.00028041715029328567
-0.021521446401349998	-0.268351558130125	1.1863134171841624e-06	-0.00029614601934319036
-0.022199552617993334	-0.2800788980861	-0.0001829189468816	-0.00025796557380114286
-0.034739319063616665	-0.42546124651155	-0.00016785727587133333	-0.00047379974813285705
-0.02441271572044667	-0.3125899623105	-0.0001686791081758	-0.00024167008026257142
0.000986577909166669	-0.9093393061785	-0.0009296448209308334	-0.0006574155753378571
-0.017011127646135004	-0.21037864047875005	-0.00010963913932983333	-0.0003074241381915714
-4.243329384516674e-06	-0.1699830120392	-0.00023465561231649995	-0.00016118193745507138
-0.039690327172449996	-0.49131583355975006	-0.00020309592737386664	-0.0005751041546328571
-0.011986037103954164	-0.15613914685275	-7.4615145623e-05	-0.00021325396944199998
-0.03950201940473333	-0.48685905901849996	-0.00020196213924673331	-0.0005754057765657142
-0.021730964166306665	-0.26922581868343753	-0.00017192507103073332	-0.00024306089469476187
-0.00012123790750000124	-0.298963734995	-0.00018285818993666664	-0.00013799734292095232
0.002013643025633337	-0.008477354890100002	0.0002544121723965001	-2.4562138007619113e-05
-0.03227699567523334	-0.3956759363991	-0.00029959996495343335	-0.00042513654852785715
-0.020504358662549998	-0.259338647465225	-7.099408662358334e-05	-0.00020308822498140474
0.0012976870555126666	-0.05652040684749999	-2.4964239388466668e-05	-7.326726030789522e-05
-7.429870598133327e-05	-0.6917201330364999	-0.0006307317177883333	-0.00042495400770952384
37.01820333333333	102.14719000000001	-0.03175786666666665	-0.0017303809523809524
0.00028672338516666745	-0.7027106162195002	-0.0006175850751683333	-0.0004377484854778571
0.00024211400816666863	-0.8589410700089999	-0.0008595463372458335	-0.0006089132086080952
-0.013143674297776	-0.1416873124775	-5.174050030786666e-05	-0.00015053665509262852
-4.410021465800005e-05	-0.5043415140697499	-0.00037738938631749996	-0.00026009143075023805
-0.006477118488896	-0.05704044607381999	-2.5239322052933326e-05	-7.428993638318093e-05
-0.04147199091629167	-0.49963770505974997	-0.0002123370700553333	-0.0005955893540338094
0.0005468817884166676	-0.8335236234157499	-0.0008195705765808333	-0.0005882399398580952
-9.138990274999967e-05	-0.57298255193675	-0.0004606523009408333	-0.0003213248375597619
-0.13214733333333323	-0.4444474999999998	-0.0013023649999999998	-0.0015504904761904751
0.005600365742466669	-0.010211362571600012	0.00030008147181966667	-1.0947933449547618e-05
-0.019807139691825005	-0.23458047829149994	-5.916890134758331e-06	-0.00020687671951942856
-0.02037418935425	-0.2593896633151875	-7.402491110583332e-05	-0.00021024968050190472
-0.03444991062885	-0.42505083993616255	-0.00016765720139456664	-0.0004778191348283334
0.04233424624640001	0.5690608165310002	-6.454901477599985e-05	-3.1490836463333045e-05
-4.122750099583321e-05	-0.5660815121162499	-0.0004521537263575	-0.0003163552515053571
0.00042075133616666685	-0.5532168097595	-0.0004316246648583333	-0.0003072708408526191
-0.03104250604375	-0.38140208350515004	-0.00028400229243826663	-0.0004032041778739047
0.025643803078	-0.3476750134989	-0.0001255951893653333	-0.00017673733246038095
-0.0002536036956666707	-0.70210797953975	-0.0006268457476433334	-0.0004439504635597619
-0.03955900835270001	-0.4717816514515	-0.00019870183440373333	-0.0005632927592064285
-0.012893727793441999	-0.14193187963221995	-5.09914834262e-05	-0.000148455565008419
-0.021920457827259997	-0.26430308292762494	-7.516278110733335e-05	-0.00021450672705695237
-0.0216187070641875	-0.26629264746937503	1.1079285661708373e-06	-0.0003082229971904405
-3.4211862307083175e-06	-0.01003723936899996	-1.8013757955833332e-05	-1.14262822536905e-05
-0.02197623531966333	-0.2929826849313	-0.0001714593110225	-2.4087165332428575e-06
-0.02814732916843333	-0.3464699218284125	-0.0002468464088383666	-0.0003504030809021428
-0.0295050440297	-0.353929806730525	-0.000259235876883	-0.000368857645243238
-0.00048200734008666565	-0.003215708805799987	-6.645627001066671e-06	-1.0365007440714284e-05
-0.020204106656526666	-0.241378822305	-0.00014934056520686666	-0.00021436245988538092
-1.1689067003599972e-05	-0.969151212572	-0.0010747024902400001	-0.0007488067743390475
0.04588392733016667	0.4965859275725001	-0.00035515848059999996	-0.0009884497165714285
-0.028241292914483334	-0.3478633414325001	-0.00024868277857563334	-0.00035354347889071425
-0.019780833333333338	-0.20875757616000007	-1.9807909600000008e-05	-0.004550761904761905
-0.013142341359392667	-0.14146230842213	-5.1467823736e-05	-0.00015010382064773332
-0.03466041323836667	-0.4238584386094	-0.00016641917639440002	-0.00047075954687809523
-0.015902573487253338	-0.21239734471815003	-0.00010605039802586666	-7.592195634352379e-05
-3.5586572649999896e-05	-0.5027111145884999	-0.00037368877462916664	-0.00025077231470761903
-0.022039987492816663	-0.2951463809669	-0.00017173214160636668	-2.304430689919048e-06
-3.3763683210333284e-06	-0.97375410256725	-0.0010192589045258335	-0.0007184208956120237
0.004768691215033329	-0.008521145737299986	7.898453649333333e-05	-7.82544817880952e-06
-0.03314100610591667	-0.40715519781505	-0.00015885340041913332	-0.0004495722994849999
-0.022047962032059998	-0.28249651838059997	-7.990219709608333e-05	-0.00022819077872071426
-0.03588482495416667	-0.43718139296025005	-0.00017513098478766665	-0.0004919810000746429
40.26573333333333	3516.146	-0.03993066666666668	-0.0016697380952380978
-0.02203697248401	-0.156500423079775	-7.456927281483332e-05	-0.00021211691827409518
-0.024736199902240002	-0.2941008304619999	-0.00017961821893173338	-0.00025672866918933335
-0.022714675148236666	-0.28540097697545	-0.0001871243930145333	-0.0002649609229691428
0.00023849489866667207	-0.5701393813344999	-0.00045283865266749996	-0.00032270654369690474
-0.00020280003391666044	-0.5656870239352499	-0.00044448779977499994	-0.00031984163364642853
-0.020520738952700002	-0.24450781547812506	-5.659573376733328e-06	-0.00021456456674023811
-0.015416431759208333	-0.20403387243954998	-0.0001023075848089	-7.397384126528571e-05
-0.03291134959591666	-0.40234456110335	-0.00015685120132670003	-0.00044215708431076187
-0.021926793265286668	-0.263148445085	-7.450424744466666e-05	-0.0002129802700005714
-0.029737486936083333	-0.36044293158145	-0.00026217565558233334	-0.0003718590514707143
0.0005669400475833327	-0.8300895766475	-0.0008208834132874999	-0.0005813478603349999
-0.02191280796654333	-0.26598579718045	-7.612427388566665e-05	-0.0002176623465448571
-0.006332745748845333	-0.05543262766060999	-2.4410041455133327e-05	-7.190406341717617e-05
0.041456292966	0.573560625262	7.762205630166667e-05	6.172547180238096e-05
-0.03493429442995	-0.42764883557449995	-0.00016887967436033337	-0.00048387022808071427
0.0005383755614999968	-0.871038445443	-0.0008865050699949999	-0.0006245172298665476
-0.02615568997756667	-0.3221148446874	-0.00022615273277356665	-0.00032043372020711905
-0.03498538031766667	-0.42725644660890005	-0.00016931357649223333	-0.00047944856114547605
-5.491189384616661e-06	-0.9831664550310001	-0.0009906320109683332	-0.0007016388127964284
-3.918832181633327e-05	-0.69157918742625	-0.0006075015408808332	-0.00042363166594595235
0.00575699024699999	-0.9319031931485001	-0.0010268771188500002	-0.0007338709636495236
16.581265	-3.127564999999999	-0.03332106666666662	-0.002049714285714281
-0.01396371015029	-0.16990521591795002	-9.111754480529998e-05	-4.24858695111905e-06
-0.02750069365973333	-0.33740585254892497	-0.00024251110989363333	-0.00034439470340147615
-0.01222883337301333	-0.15890191351724997	-7.4664183857e-05	-0.0002118430733790952
-0.015764978822230002	-0.19603243315045	-9.875458731935835e-05	-0.00029913605290357137
-2.1771828485583427e-06	-0.95722162346325	-0.0009856477729216666	-0.0006841861726685714
-0.00048200734008666565	-0.003215708805799987	-6.645627001066671e-06	-1.0365007440714284e-05
-0.017135955076020008	-0.19507510607944994	2.809603326946666e-05	-0.0010856832851747617
-3.759790287333329e-05	-0.9120190580765	-0.0009246953272691666	-0.0006524123655628571
-0.014028097946783334	-0.17756640864995002	-9.422044508666666e-05	-7.08556225027619e-05
-0.02246126088112667	-0.2690155524043	-7.691378810366668e-05	-0.00021707788004895237
288.78228333333334	-32.34624999999998	-0.3156413333333334	-0.019142380952381
-0.027390690560730003	-0.33643352899440004	-0.00022338441949773335	-0.0003042834431139047
0.0003866065161666636	-0.67406697950425	-0.0006128782805608333	-0.00042702054284571414
-0.02230225817728667	-0.2685144196823	-7.539753365766668e-05	-0.00021393729826528571
0.007101203829916667	-1.3738146048000002	-0.002975578412399999	-0.0011564386302857141
-0.03632272835116667	-0.44869169801575	-0.00017748637958616667	-0.0004995669489554761
-0.022346223348816665	-0.27021606471265003	-7.595054749608333e-05	-0.0002150313756950476
-0.006329763518337333	-0.05588530181646	-2.4477805966899997e-05	-7.223527096993332e-05
-0.02145114662901	-0.2773285728107125	-7.793960509225e-05	-0.0002219522493121905
-0.021900714350439998	-0.156446510147225	-7.417825621433333e-05	-0.00021221738441361905
-0.029549698761466667	-0.35818045912725	-0.0002615764957159	-0.0003711801389
-0.022269979708854998	-0.26486875799095	-7.453063923166666e-05	-0.00021058605926623807
-3.976465106666662e-05	-0.6909803833215	-0.0006068812229899999	-0.00042361090084142846
-0.0016726552507733289	-0.015213240909349971	-2.985848244010002e-05	-4.2065440089714235e-05
-0.03962116572098333	-0.49007015556899997	-0.00020237837129029998	-0.000573308293805238
-0.01597146752894667	-0.21537532894300002	-0.0001075278559445	-7.727875271804763e-05
-0.017747950647779998	-0.20263412658199992	1.9784099784866678e-05	-0.0008387983978483808
-0.00021241380333333635	-0.30310120851475003	-0.00017969390535916663	-0.00013069053325464287
-0.02037418935425	-0.2593896633151875	-7.402491110583332e-05	-0.00021024968050190472
-0.006322251211508667	-0.055782052661229986	-2.44504280768e-05	-7.21068043606857e-05
-0.00048200734008666565	-0.003215708805799987	-6.645627001066671e-06	-1.0365007440714284e-05
-0.006337185087249999	-0.05562189377710998	-2.447043833183333e-05	-7.212505322214284e-05
-1.8003419500001156e-05	-0.34542656653825005	-0.00021541903083999997	-0.0001572754058385714
-0.00012747656851966685	-0.715866336684	-0.0006802427281433333	-0.00047028729905428557
0.0005784490040999987	-0.28671926132900005	-0.00015684783777583332	-0.00011061851589166664
0.0035475095692333323	-0.011316027915500026	0.00030669668183166656	3.5887940728571305e-05
-0.00014727137397799983	-0.8027548979900003	-0.0008030875029433332	-0.0005667704989028569
-0.012082576662486664	-0.1575363831939	-7.668266456966668e-05	-0.00021922182709414282
-0.024951941135620003	-0.3147578457406499	-0.00016988440130126666	-0.00024294216215171426
1.5000805249995561e-05	-0.30229198409499997	-0.0001822553107908333	-0.0001348460898747619
-0.042062129376633325	-0.5153575264337499	-0.00021857952651026667	-0.0006218960606909523
-0.02006194167635	-0.23623959152224996	-5.738399714433332e-06	-0.0002115118486111905
0.003547212307725001	-0.002767306247000002	-3.6299616151666704e-06	-6.279148310952368e-06
0.05199407597964999	0.5022109679560003	-4.40736242883333e-06	-8.617921703785696e-06
-0.022130527780785	-0.2788971893071875	-7.821166393391667e-05	-0.00022351225347683328
-0.013823911926026665	-0.17320490544675	-9.270938248136664e-05	-7.013795363699998e-05
-3.427048422700014e-05	-0.6916200371955	-0.0006038291003275	-0.0004285854953573809
-0.0003631839730833284	-0.5641313074515	-0.00044978771293083334	-0.0003204235870580952
-3.552464591133329e-05	-0.923598549984	-0.0009485603087833333	-0.000667092268035238
-0.017731382283613335	-0.23477818802940004	2.1691199793333416e-06	-0.00016787676882866665
-0.00048200734008666565	-0.003215708805799987	-6.645627001066671e-06	-1.0365007440714284e-05
-0.006342722477823999	-0.056328704317419986	-2.457761658763333e-05	-7.240967191024762e-05
0.0010707401107499996	-0.84720406372875	-0.0008205709073416666	-0.0005822213510704761
-0.01626367523595	-0.22006315194610002	-0.00011104590338453334	-7.958478857019046e-05
-0.022130332280335008	-0.2670448251424625	-7.662240803683332e-05	-0.00021850376177914282
-0.02126269626558	-0.25415094891135	-0.00016234499304796664	-0.00022921373863538092
-0.022252802992166667	-0.27043266437477503	-0.0001776505537818	-0.000251953184544619
-0.024989258375306665	-0.3092047802772	-8.548418897499999e-05	-0.00023707711890552378
-0.034869255755316665	-0.423365847446825	-0.0001676289812764333	-0.0004753046668697618
-0.019422150808303333	-0.23916227495880002	-0.00014920724242816668	-0.00021022897639414283
0.0007101149021933334	-0.14719390605279997	-5.25245335888e-05	-0.00015319830004203807
-0.01869959685565667	-0.19791722004268	-8.135183781919998e-05	-0.00023710205966672376
-0.009262081089826665	-0.14822254070452	-5.107347203693333e-05	-0.00014922255179714285
-0.005261614511498667	-0.06810314064646998	-5.064327695973333e-05	-0.00014683387206111903
-3.598287088099995e-05	-0.5982767548810001	-0.00048710666444833333	-0.0003353844183207142
0.02574950000000007	-2.496222499999999	0.0001038306666666666	-0.00012766047619047616
-0.00037538303050000185	-0.30154709899199994	-0.00017815544933916667	-0.00013095089670238095
0.00047286344616666217	-0.68401901704325	-0.0006074103958008333	-0.00042570970112809517
-0.0004751039439166674	-0.56757103511825	-0.0004505822961008333	-0.0003239574543107143
-0.03522941801139999	-0.4151885243030001	-0.00016770344218066668	-0.00047395351816452376
0.001556818782083328	-0.84169439016375	-0.0008206394555416666	-0.0005797902430611904
-0.00015702902033333199	-0.5603510408390001	-0.00044578839749249993	-0.0003158976831236904
0.006034774727716659	-0.730190613736	-0.0004470453455466666	7.094822464666665e-05
-0.03611296582548334	-0.4327438316402501	-0.00017340264291963332	-0.0004876632610572618
3.483813508332801e-05	-0.6197747993585	-0.0005172119512099999	-0.0003722104681554762
-0.006313997051083333	-0.05544541358427999	-2.4289902431999995e-05	-7.186754656589998e-05
-0.0396482761752	-0.4820646880705	-0.00020075840104396664	-0.0005709743604042858
-3.6974669857583385e-05	-0.77516180797275	-0.0007222810464566666	-0.0005087408440669047
-0.03599413057545	-0.4387914146560001	-0.0001752070922964	-0.0005009007257048809
0.027425219741333346	-0.26447086369799966	0.0001842826402299999	-4.6238309243809515e-05
6.766260825000695e-05	-0.5591125846719999	-0.00045112871915833333	-0.00031932118814607144
-3.285421826900007e-05	-0.35428735237649994	-0.00022676889424833334	-0.00015253925083500005
0.0009132106221666639	-0.9231692231375	-0.0009631222774591665	-0.0006728905457283333
2.6154456083334735e-05	-0.56087591009475	-0.00044988785256749994	-0.0003168298616490476
-0.040918674967625	-0.504346522496	-0.00021176892653986665	-0.0005977810504504762
-0.013167317122436	-0.14178418412285	-5.17493453552e-05	-0.00015062448556794284
-3.322732358333309e-05	-0.290394955963	-0.00015869257480916673	-0.00011413097755333333
-3.437352608966671e-05	-0.354474650111	-0.000223240031865	-0.00015428924051190477
0.003646232734646665	-0.25980804564255006	-7.356707447716667e-05	-0.00021068995537666666
-0.022226324757073333	-0.27006448997279997	-7.736227706266667e-05	-0.00022072457691490476
-0.02480783822096667	-0.30693740229187494	-0.00016468823405013335	-0.0002357839865725714
0.0012324870414039998	-0.05519275203477499	-2.423831549003333e-05	-7.098945412714284e-05
-4.2226106129999935e-05	-0.602552254392	-0.0004912878178641667	-0.0003430013477054761
0.00017939646516666887	-0.570625927553	-0.0004578821271441667	-0.00032498906825690477
0.00048000331691666094	-0.8939904551665001	-0.0009213313240350001	-0.000645990483112857
-0.020202072382566667	-0.238250736348	-5.739308688983319e-06	-0.00021123928002249998
-0.010294583973333335	-0.08110951919999998	-0.00011707626666666666	-0.00027154071428571425
0.00029315562366666244	-0.41230119118149994	-0.0002826745839991667	-0.00020349956688702378
-0.012036095637874998	-0.16544974849685	-7.957427424725e-05	-0.000227892998171
-0.013291698198854665	-0.14409787069513	-5.2395023634733326e-05	-0.0001530376492390476
40.19435333333333	3511.4317499999997	-0.04127719999999997	-0.001544023809523815
-0.03720658512213333	-0.46080713546299995	-0.0001836961991485	-0.0005212357249019048
5.582530641667116e-05	-0.5649137691989999	-0.0004463419509266667	-0.000322028598917619
-0.021361742036066667	-0.264845845136	-0.0001677267165611	-0.00023688377725057143
-0.021815538796903334	-0.26307467661245004	-7.580512651533334e-05	-0.00021704220030471425
-0.012581342009450332	-0.13769087069027	-4.9270503949599994e-05	-0.00014309155774605713
-0.01958837303980667	-0.24367496341795	-0.00014857433781600003	-0.00021393576216747616
-0.01590371676891	-0.20845527537105	-0.0001033967195308	-7.367251186609523e-05
0.0007631591419999985	-0.507243584569	-0.0004221107222133333	-0.0002905348701692857
-0.024130986704213334	-0.29853533082265	-0.0001992935868662	-0.000282734959699619
-0.025356630970293333	-0.32029549694079995	-0.00017371188781866665	-0.00024910014520728574
-0.006350731664499332	-0.056065561858239986	-2.4663650346033327e-05	-7.249338340309523e-05
-0.029933376893333336	-0.36547112513450003	-0.00026745040817773334	-0.00037949312671004757
-0.015450653942463333	-0.19562608061434997	-9.81367352379e-05	-7.093727301795236e-05
-0.0038933866666666602	0.05770338079999996	-0.0003076546666666667	-0.0006491466666666664
-0.034506602498233334	-0.41549097438025	-0.00016451220117376665	-0.0004644894724244286
-0.02413486829405	-0.2967519939229	-0.00019790155410699998	-0.0002804963811579047
-0.015368096262466666	-0.19523957332904998	-9.789968837206668e-05	-7.079226949371429e-05
-0.022263491589913333	-0.26534093795835	-7.421014803533334e-05	-0.0002110847683237619
0.00027541331408333455	-0.710134615159875	-0.0006443803673783333	-0.00045713928347999996
-0.014616720882360004	-0.14828700986875	-6.820987690886667e-05	-9.957743544142857e-05
-8.113435483333548e-05	-0.30056423880950006	-0.00018587171787999996	-0.0001286471679017857
-0.02654665786106666	-0.32834955347194994	-0.0002188853948670666	-0.0002957645529817143
-0.0063355458993760005	-0.055701877139364996	-2.4488698624099997e-05	-7.214924716491427e-05
-3.492791674316671e-05	-0.5645790785275	-0.00044533763232249994	-0.00030527890265071424
-0.039513626642466666	-0.48324941962850004	-0.0002008951758912667	-0.0005677357296345238
-0.018461249870591997	-0.19347053845147996	-7.961433358326667e-05	-0.0002318498120271095
-3.618655778166673e-05	-0.7728073793660002	-0.0007185992028675	-0.000509252261497381
-0.026156982783903333	-0.3233767608287	-0.00022615480110966664	-0.0003212473255789524
35.122240000000005	4365.398249999999	-0.0389448	-0.0022070952380952393
-2.300692555833333e-06	-0.94079796593775	-0.0009791567738433333	-0.0006870810456338094
0.000590929590833331	-0.9115536195441251	-0.0009377513310033334	-0.0006634779037473808
-0.02039463364635	-0.2574860701175	-7.342966113083334e-05	-0.00020908300822314286
-0.02943696449696667	-0.35154522258565	-0.0002581972743014667	-0.00036612290940566663
0.00015861483266666797	-0.7924940731676251	-0.0007486615928291666	-0.0005281692586452379
-0.03748312774506667	-0.46107962055199997	-0.0001868741863595	-0.0005282755769864286
-0.009269751894833334	-0.14828216425108	-5.090135573456667e-05	-0.00014923945028278096
-0.013911044209776667	-0.17077155496580004	-9.127237088230001e-05	-6.894556845961903e-05
0.0036738856677699995	-0.26109830997895	-7.414317973033332e-05	-0.00021149682478849999
-0.01771879109380666	-0.23581657681065	1.5917653611333393e-06	-0.00015004365094185707
-0.012987674877829333	-0.143287251868	-5.16294273418e-05	-0.0001501088668116952
-0.021309094982735834	-0.27693161794325005	-7.802356254233333e-05	-0.00022237377270942855
-0.00021691435874999473	-0.302443015572	-0.00018035756206666656	-0.0001341192470557143
0.006402080915566665	-0.010224976026325	0.00014604341605666674	-7.556188444761909e-06
-0.001048691048286666	-0.26155335598537505	-7.364864255516665e-05	-0.00020995597316990475
-7.893653677999915e-06	-0.9585088694840002	-0.00111342637431	-0.0007490611935809525
0.0007258553749999959	-0.859996395233	-0.0008610456532091666	-0.0006061195310769047
-0.0001481959257846665	-0.9264613160509999	-0.0010348001800933335	-0.0007423963155595238
-0.0346519948564	-0.41602907499345	-0.00016474877021276666	-0.00046790383667047616
-3.816401762999994e-05	-0.691933033740875	-0.0006001721308541667	-0.00042071796239714286
0.00047099427441666726	-0.73370788673075	-0.0006774915893399999	-0.0004740829375490476
0.007101203829916667	-1.3738146048000002	-0.002975578412399999	-0.0011564386302857141
-0.02473053628599333	-0.312563256656225	-0.0001677148922351333	-0.0002414156637169524
-0.0003257252110833288	-0.29970175531175	-0.0001781513533216666	-0.00013129844806880953
-0.016051689515413338	-0.2002212600438625	-0.00010156096393553335	-7.33898021117619e-05
-0.0016727733654533289	-0.015217279265649971	-2.985422014576669e-05	-4.2067286939047564e-05
0.0009166073961666671	-0.9173829864635	-0.0009421423667741666	-0.0006630054840070238
0.05164401454258333	0.49810048797849993	-4.203229080166673e-06	-8.352944919523815e-06
0.006811026734933343	-0.76668542457	2.277641726333336e-05	-0.0006650361132409523
-0.041690187460433334	-0.5135920817984999	-0.00021842183958366664	-0.0006175429796397619
-0.013177378262293333	-0.142628366385295	-5.183248085019999e-05	-0.0001509066180894857
-0.034506371910766664	-0.425023756035	-0.00016716886169306666	-0.0004747237330238096
-0.024791197172000002	-0.2890114815459	-7.994932839766665e-05	-0.00022413876970485714
0.024272512008400037	-0.2987251922160005	0.00015830238266000004	-9.617974965142845e-05
-0.0016388065370799994	-0.0006168830348999979	-7.181327716499992e-07	-1.347411698085713e-06
-3.3470671916662036e-05	-0.567197727496	-0.0004487272136666666	-0.0003213892284136904
-4.107388766966672e-05	-0.629960244656	-0.0005314157086016666	-0.0003700904151953571
-0.036993935228566664	-0.45851846780800004	-0.00018463881978483332	-0.0005202479125971428
-3.5102291765999914e-05	-0.72062321035475	-0.0006441465415074999	-0.0004512045941345238
-0.01399656894885	-0.1729085782306125	-9.163944398726666e-05	-6.929116983828571e-05
-0.00021782668684000082	-0.0025279648434750122	-5.9275987048666606e-06	-5.354686452892862e-06
0.05316598494505	0.05851943095499999	-0.00011357974212000002	-9.083797832119036e-05
-0.013869409541166666	-0.17118226320155	-9.171539762246668e-05	-6.931907925000001e-05
-3.760211733333499e-05	-0.56127084852325	-0.0004547854681908333	-0.0003224307292540476
0.0009537754959999999	-0.8988832749465	-0.000927242197135	-0.0006506338282930953
-0.02779488914573667	-0.34522903764609997	-0.0002468473863609333	-0.0003492411668787142
0.05305432109705	0.05607902181500015	-0.00011800057633033341	-8.956988281880963e-05
-0.021224393925411665	-0.27983546784865	-0.0001608446788376	-5.446532251309523e-06
-0.017472422019053333	-0.19633661831785001	2.427391952453333e-05	-0.0010341030058514283
-0.024733528598686667	-0.2830079104389	-7.765697506699999e-05	-0.00021872907719964284
-0.00011952827853566644	-0.7650420585540003	-0.00072549021994	-0.00048515912598142856
-0.013559366666666668	-0.14876549999999977	-0.0001534673333333333	-0.0022308928571428575
-0.042354496122508335	-0.523549566662	-0.00022047005407859995	-0.000627963040675238
-6.524040558333638e-05	-0.7045802347162501	-0.0006293521923408334	-0.00044657373715083334
-0.00048200734008666565	-0.003215708805799987	-6.645627001066671e-06	-1.0365007440714284e-05
-0.0379771315432	-0.464414623726	-0.00019202575479253332	-0.0005451141102071429
-0.0063323119402106665	-0.055860524303015	-2.444146822853333e-05	-7.224971804415237e-05
-0.0063436445957743325	-0.05593785317459999	-2.4537924610433328e-05	-7.223040396544762e-05
-3.5295565800166634e-06	-0.8704709438912501	-0.0008795306591174998	-0.0006135661924897619
-0.02677935700594	-0.33171265714180004	-0.00022139195011373333	-0.00030034574012323823
-3.913671511966664e-05	-0.860261045358	-0.0008469202979316666	-0.0005924517708946428
-0.037674375206783337	-0.45748042463700006	-0.0001908301679607333	-0.0005430044471273808
-0.01843983413723333	-0.19514355199257996	-7.987973000619999e-05	-0.000233014456681619
-0.00027061129883333246	-0.30707092627675	-0.00018277640438000003	-0.00012803548503261905
-3.8627018426666613e-05	-0.689778795951	-0.0006001943442883334	-0.0004231266500795238
-0.03099254964200001	-0.37155772008105	-0.0002782731810621	-0.00039556867173766663
-7.646019825000458e-05	-0.3013460866749999	-0.00018387806600999996	-0.00012950986027523805
-0.015670132032084998	-0.1947294292376	-9.843340985276667e-05	-7.090754173733333e-05
-0.017011127646135004	-0.21037864047875005	-0.00010963913932983333	-0.0003074241381915714
-0.024343134017746664	-0.30017226783280004	-0.00020085173596616666	-0.00028443810846854765
26.516931666666665	-3.4171149999999955	-0.0336794666666667	-0.0017583571428571412
-0.009275878233233333	-0.14579761611013	-5.0471914640199996e-05	-0.00014780533912408093
-0.03651392034641667	-0.44121598515875005	-0.00017830021798613332	-0.0005081024727311904
-0.01916109009815333	-0.259397486896175	-0.00014066355260106668	-0.00010007041145009526
-0.04107655769543333	-0.49171044689649995	-0.00020727505818729999	-0.0005834414871121428
-0.013991460039876667	-0.1727391343565625	-9.264173977009999e-05	-6.949347124060713e-05
-0.02780731064917333	-0.345864188128025	-0.0002472098050312333	-0.0003505811678229047
-0.002430762701699	-0.04685207043435499	-2.1502353305433332e-05	-6.241965401079046e-05
-0.02788126688696	-0.34233975494054997	-0.00024759809497266664	-0.00035072252707599996
-0.012869695850479998	-0.13990277023051498	-5.049160816566666e-05	-0.00014717672542262854
-5.48208368833326e-05	-0.28533014964375003	-0.00015644594039916667	-0.00011306545487952385
-0.014209144571300002	-0.17252583715302497	-8.919254145514166e-05	-3.820220452071425e-06
-0.022378148105333336	0.007464120052649997	-7.703775127166665e-05	-0.00021947528902547614
-0.015461529119409168	-0.19294350330312499	-9.714881367283333e-05	-6.958167163276191e-05
0.007123215858133337	-0.0118616805355	0.00038390572226416653	0.00012220626160476186
-3.764883785399985e-05	-0.77524709829175	-0.0007182516448583332	-0.0005051288334407142
-0.02844662641725	-0.3480356781332	-0.0002495305725260666	-0.00035375945342771425
-0.03694405216558334	-0.4436291105517501	-0.00018104781186586665	-0.0005081697461585714
-0.021929092361506666	-0.2649669256579125	-7.544026345533334e-05	-0.00021498282233538092
-0.02156339103413667	-0.26316172549742495	-7.5217320885e-05	-0.00021307780214411905
-0.020099873514091666	-0.2320582651637499	-5.870309833475007e-06	-0.00020982438320061905
-0.03207707971565	-0.38538582022785	-0.0002930218904481666	-0.00041574085146347617
-2.5144833749998134e-05	-0.304114272930375	-0.000183414018505	-0.00012943267797166662
-0.021919601635806665	-0.26726097435394996	-7.603424910749999e-05	-0.00021825637608999997
-0.013865757084913333	-0.16965684588175	-9.066342433306666e-05	-6.827773841723808e-05
-0.041791063606399996	-0.516135639594	-0.00021896745664936668	-0.0006215985633014284
-0.00014935887908332755	-0.5623550228125	-0.00044931478518250005	-0.00032248441594285714
-0.025183611018939994	-0.3071844401483	-0.00016729255489786665	-0.000239877772934381
4.010397833333354e-05	-0.8446778544265	-0.0008501659044024999	-0.0005981306242254761
-0.00013010281041666566	-0.5702892610914999	-0.0004550371089008333	-0.00031672038747238094
-0.013542587444439999	-0.14395239466413495	-5.2821746049066656e-05	-0.00015401099674472376
-0.040761771591758325	-0.49205871676475005	-0.0002089909564862	-0.0005875592633772619
0.01866032990573334	0.004936879653999862	0.00015932731127166666	0.00012001574829142859
0.03375100235033333	0.3407342688360001	-3.7463407603333406e-06	-8.639400510761911e-06
-0.034433259388633335	-0.42403310097510005	-0.00016770113366333333	-0.00047187343714571425
-0.00014278229549999428	-0.29918089551124993	-0.0001833921968666666	-0.00012601418271357138
-0.022201897891370004	-0.28020108876745	-0.00018290760856493334	-0.00025843617048223804
-0.037452036103699994	-0.45781211625850005	-0.0001863215347751333	-0.0005233351923373809
38.726391666666665	4136.4169999999995	-0.03990906666666663	-0.0019414285714285755
-0.027591847895816667	-0.34429474446104996	-0.0002457805630856333	-0.00034877631201228566
-3.269046052175003e-05	-0.46645397157449997	-0.0003378290658408333	-0.00023228404380571424
-0.009357902635989998	-0.150969916580095	-5.181396918476666e-05	-0.00015172449258066666
-0.014306200000000008	-0.17234525000000003	-0.00016985983333333323	-0.0014335738095238094
-0.0003620085358900007	-0.35359529390399996	-0.0002273710039875	-0.00015682631081190477
0.0005253588567499963	-0.680910307629375	-0.0006050784675066666	-0.0004251296893073809
-0.02184619138833	0.006680646082650018	-7.490571310666667e-05	-0.00021368011642204762
0.005187686443166665	-0.011163030932699996	0.0003120399748113334	3.219966908000005e-05
9.841648466666882e-05	-0.29926432064450004	-0.00018340946054499997	-0.00013230336832214284
-0.02151625065926333	-0.28631380641500004	5.614718732076665e-06	-5.8883181012178545e-05
-0.020670683007833337	-0.2970025921069999	-0.0001856828418558333	-4.116785234519047e-06
0.04684653941826667	0.46295040137999977	-2.8262484514166676e-06	-2.5407213968928585e-06
0.006927799898033332	-0.009578034894424985	0.00014630654675333333	-7.602613512142849e-06
-0.013982932070356665	-0.1741238740403375	-9.193383177416666e-05	-6.928372827671428e-05
-0.03070193079191667	-0.37661112987910006	-0.00027926313146686666	-0.0003958254305105714
-0.03588855254685	-0.438088671844	-0.0001756700403520333	-0.0004937432397038095
-0.01381675492392	-0.1730159666045	-9.304317883329999e-05	-4.2135447703333405e-06
0.006136933066916667	-0.009898998360249983	0.00014631652230333336	-7.969646300476198e-06
-4.064432233775e-05	-0.92445890391825	-0.0009447790950808332	-0.0006717879953930953
-0.01670954130814	-0.20594637761384998	-0.00010668438861733332	-0.0003265409217065476
-0.040856148723741666	-0.49947410348274995	-0.00021014320268569997	-0.0005898610828445238
-0.0004769938059500001	-0.26031827806275	-7.244258468841667e-05	-0.0002065803687762857
0.0004970729332499977	-0.8742175656537501	-0.0008924989748399999	-0.0006288211405188094
-9.838797627633242e-06	-0.9412275375710002	-0.00104431365546	-0.000732548529215238
-0.0024291439927976665	-0.027644809700169987	-2.1417195072233325e-05	-6.245013803206665e-05
-0.021306348215586662	-0.2638870966992	-0.00016747903499826665	-0.00023665854485228568
-0.024275904972846665	-0.29942647077030005	-0.00019993728560569997	-0.0002832638945063809
-0.012006366082384997	-0.16450302507845	-7.830761356225e-05	-0.00022230185261042857
-0.00032810573191667194	-0.56425922370875	-0.00045218529990999996	-0.00032589739563952376
-4.158621334899996e-05	-0.69023881713925	-0.0006064851544324999	-0.00042413195050714284
-0.037643080373950005	-0.46228818080725	-0.0001916603693584	-0.000543080294125238
-0.021486548600013332	-0.27875920406015003	-7.8936101053e-05	-0.0002239176530003333
-0.03680279741525	-0.45444770164525006	-0.00018360334147496667	-0.0005184112905409522
-0.012964636176470666	-0.13928473061212	-5.0338736262199996e-05	-0.00014657993646531426
-0.0016031670195633331	-0.00044803347524999964	-7.169741647499998e-07	-1.3726914397666669e-06
0.00043781332276666594	-0.4934449945749999	-0.0006045421527523333	-0.0004224452839587618
-4.194504662616667e-05	-0.6636691878485	-0.0005720619986758332	-0.00040150795272095237
-3.9028635931833404e-05	-0.86208481833825	-0.0008453426089408333	-0.0005945454284290476
-0.017671990447723326	-0.2091481210204	1.656403712166666e-05	-0.0007466883604179046
-0.013094938708591998	-0.14211526740083996	-5.1573948705399994e-05	-0.0001505279847191619
-0.013084311999546665	-0.1422125757121	-5.168282152446666e-05	-0.0001507608578366857
0.00034062668141666557	-0.56642226237325	-0.00045379887277749995	-0.00032253318848523795
-0.00633633369978	-0.0562686329106175	-2.4639198568233327e-05	-7.239888034838094e-05
-0.00017002087824999793	-0.56716622846725	-0.0004536469305366666	-0.00032093145624119044
0.0001526585234999973	-0.7873644686397501	-0.0007470869990749999	-0.0005248895194738096
-0.013890458480224167	-0.1743450280932	-9.344715492253334e-05	-7.045053152666667e-05
-0.032329900893799994	-0.3931940143649	-0.0002964521199658333	-0.0004202416113730952
-0.035892183207533325	-0.43930994922574995	-0.00017525572829003332	-0.0004974373304890475
-0.03224085549195	-0.3937886820672	-0.000299179763095	-0.0004250199994071428
-0.029379721047208335	-0.36123416781755	-0.00026246529282713334	-0.0003726265570317619
-0.021738263025590003	-0.29063195302589995	-0.00016835267742453327	-2.4214226259476186e-06
0.0007513391720833378	-0.835731104954	-0.0008188313963466665	-0.0005741863237573809
0.00031018200599999644	-0.7580307139155	-0.0011635611224383336	-0.0008279425621254761
-0.03195943295775	-0.392109540135425	-0.00029632813670906665	-0.00042008585231
-0.013071836479881332	-0.14159620679152	-5.1476307346666665e-05	-0.00015001411548794282
0.0009104675230833326	-0.91339271944075	-0.0009454099339366666	-0.0006596163363676189
0.04106337098363333	0.5693893132529999	-0.00011904648444133327	-8.605300435380963e-05
-0.015692015147463333	-0.19866206884739995	-0.00010091938887696665	-0.00021885829268200003
-0.02797468830488	-0.349809735673	-0.00025152524027006665	-0.00035652918475109524
-0.02487098908750333	-0.31217434329259997	-0.00021322238017959996	-0.00030158719466647616
-0.012566564727223999	-0.13469915427753	-4.877677695906666e-05	-0.00014072592317982858
-6.947031527483355e-05	-0.634755004185	-0.0005437198362233333	-0.00038144457849761905
38.718775	4130.9915	-0.043256600000000006	-0.0018031428571428482
-0.021905296408570002	-0.26842926997105	-7.700757124e-05	-0.00021774012032290478
37.282151666666664	103.584045	-0.031067133333333337	-0.0017652619047619032
-0.006343770873338665	-0.05580249635190999	-2.4538511075766662e-05	-7.21491616810476e-05
-0.0003982127369166634	-0.5670536074995001	-0.0004468564391933333	-0.000316439119645
-3.6336777532666594e-05	-0.9376103231779999	-0.0009673639653199999	-0.0006845382680397619
-0.006333366581742666	-0.05629998046604998	-2.4604480339166663e-05	-7.240524879552855e-05
0.00010736261508333272	-0.7009241784672499	-0.0006248610355941666	-0.00043982048531047616
-0.00048200734008666565	-0.003215708805799987	-6.645627001066671e-06	-1.0365007440714284e-05
-0.0282731897112	-0.33593090344115	-0.00024118556398489998	-0.0003432547021597619
0.0009133485343066678	-0.14743585616119997	-5.248021440826666e-05	-0.00015321235126125712
-0.012200153058789997	-0.27930019123095	-7.840543648199999e-05	-0.0002229524149638095
0.00045723281541666644	-0.80892288619475	-0.0007852473595941666	-0.0005516420834570238
-0.0009001863166766657	-0.2590402237105	-7.230790436733332e-05	-0.00020580414618457142
0.0006664386782500057	-0.88747777554025	-0.0009033739280558333	-0.0006376269090871429
0.004533004997216668	-0.008931574502825008	6.683948767333333e-05	-8.067793940714281e-06
-6.384028231433331e-05	-0.65845298313425	-0.0005784584774549999	-0.0003973183714799999
-0.01325323333333333	-0.15279000000000018	-0.00015485166666666676	-0.0021867433333333333
0.0003026303623333331	-0.5717260961455001	-0.00045926374812249994	-0.00032725930466976185
-0.03148760414263334	-0.38190048359955	-0.00028473947470433335	-0.00040418437653747614
-0.021573274948676665	-0.28063462517384996	-0.0001618667154837333	-4.0186417976285694e-06
0.0006277563041666656	-0.8404303838835	-0.0008222049836516666	-0.0005843501294286905
-0.00031684823291666854	-0.3069665096204999	-0.00018508942692583332	-0.00013478580145476188
-0.0215293936089	-0.28583824876099995	5.490761094980004e-06	-6.325848574561904e-05
-2.539218941666249e-05	-0.300598969465	-0.00018455953164249995	-0.00013453120403928567
-0.00043410263383333696	-0.56079561672125	-0.0004504709761433334	-0.00032035311388773805
-0.026185814623317503	-0.32956585269747496	-0.0002293707721157	-0.00032559118339499994
98.07920666666666	-10.831879999999986	-0.1299341333333333	-0.005997714285714269
-0.01222000303539333	-0.161551875960075	-7.76258643835e-05	-0.00022022446682319047
-3.9641571018833294e-05	-0.634391748931	-0.0005277023741883332	-0.00037161465930690474
-0.022254917846713334	-0.26542985841500005	-7.435316602208334e-05	-0.0002118488135889047
0.0006402199373333316	-0.768941922731	-0.0007216834512141667	-0.000511632981947619
2.5006170833330203e-05	-0.5641250652197499	-0.00044962315857916663	-0.000320237891057619
0.0012115184753466667	-0.055354099443799994	-2.427840599013333e-05	-7.116205642599999e-05
-0.02205569357215	-0.26534086979262506	-7.616911838083333e-05	-0.00021707013387204762
-0.00048200734008666565	-0.003215708805799987	-6.645627001066671e-06	-1.0365007440714284e-05
-0.013728671807363332	-0.16886359129370002	-9.020172111599999e-05	-6.856668101219048e-05
-0.021930549381369166	-0.0011546656792750108	-7.504922321883332e-05	-0.0002130553228479524
-0.022299088633228333	-0.26515063566124997	-7.428457830208333e-05	-0.00021088639210042857
0.04698687989566667	0.46370124867250007	-4.103165333499994e-06	-8.571184721583332e-06
-0.013913632353786669	-0.17880926293632501	-9.5731383078e-05	-4.0941755828095215e-06
-0.022291445703569997	-0.27261283218875	-7.623208943991665e-05	-0.00021634808335419046
-0.00048200734008666565	-0.003215708805799987	-6.645627001066671e-06	-1.0365007440714284e-05
0.005818493184133332	-0.005989914245600006	-3.993276163733337e-06	-5.983944232190477e-06
0.0006812065588760003	-0.14703002642439997	-5.2604254913866653e-05	-0.0001533809432040952
-0.04240817421796667	-0.50943737716625	-0.00021893381718636666	-0.0006211317301304762
-0.041012444609400005	-0.495230123511375	-0.0002105381904247	-0.0005984820586123808
-0.005275102881968666	-0.047824775609634995	-2.0023612550433328e-05	-5.874791737332381e-05
-0.040795797612916664	-0.49495734898375	-0.00020922473402663333	-0.000589251552647619
-0.03202840513675001	-0.394647376334	-0.00029948752003223334	-0.000424469117661619
-0.03074906858836667	-0.377201185170925	-0.00027974220704953337	-0.00039687426368961904
-0.015398732874156667	-0.19279019281569998	-9.695733539078333e-05	-6.958239748096427e-05
-0.021905381294496668	-0.29196285879581246	-0.0001691395565093333	-5.271946586380953e-07
-0.006351007071148666	-0.056001309917109984	-2.4559869810133326e-05	-7.244637885737142e-05
-0.015544750506616667	-0.20092457008855	-0.00010135254173783333	-9.45547817325238e-05
-0.03615727128073333	-0.44221471201825	-0.0001766239512677	-0.0005036835213519046
-0.021870879953943333	-0.270097416040675	-7.714101589433333e-05	-0.0002184788242482976
-0.014147780827466667	-0.17386229059455	-9.412469445096666e-05	-7.078409040428572e-05
-0.02154785327097	-0.264645470704875	6.5176629752e-06	-0.00032709516883247617
-0.015450653942463333	-0.19562608061434997	-9.81367352379e-05	-7.093727301795236e-05
-0.01284581486951	-0.13887392407269997	-5.026301382599999e-05	-0.00014607667007691426
0.0013081916718333312	-0.90778519785725	-0.0009393773376433334	-0.0006639334225852381
-0.014164447730453332	-0.17323011099055	-9.133365486123332e-05	-4.1216606504166784e-06
-0.021497344187840002	-0.25925234227717503	-7.371673220316665e-05	-0.00020912874240042856
-4.3788037393999926e-05	-0.46785313912099996	-0.00034157935687833337	-0.00023211678307309523
-0.022204222837863333	-0.2663444376848	-7.611933402883331e-05	-0.00021793354084185713
0.0004936221234166676	-0.917800103121	-0.0009624313606424999	-0.0006816156285854761
-0.009758706986666666	-0.07826877399999993	-0.00010882706666666665	-0.0002626438095238094
3.3473275250001505e-05	-0.56114919325	-0.00045286173912916666	-0.0003136522895509524
-0.015959959154203333	-0.21433996274970002	-0.00010888644806423331	-2.4214844635952373e-06
-7.158074257000019e-05	-0.6954116210852501	-0.0006276750850500001	-0.0004288177676661904
-0.03368831925929166	-0.40825109035745	-0.00015957102747006667	-0.0004498140370861904
-0.022499321782826664	-0.28441719472754995	-0.00018660812665813336	-0.00026395386458938087
-0.012873371537653335	-0.14236377002831	-5.105990012839999e-05	-0.00014857784407963805
0.000711757793833336	-0.8688881632867499	-0.0008863204330816668	-0.0006224792255735714
-0.03238763557711667	-0.39731730276655003	-0.0003010744603449	-0.00042756959735619043
-0.00011027268016666518	-0.7035188342495	-0.0006266993435116666	-0.00045036346697999993
-0.029752980080050003	-0.365699599976275	-0.00026735748904346666	-0.0003795709057158571
0.0008933540035833347	-0.28459910830400004	-0.00017048781988999995	-0.00012090662553999999
-0.0005812426802666676	-0.726633993953	-0.0007051629256558332	-0.00048773280578690476
-0.006360838545845332	-0.05609239205918249	-2.4545325347199993e-05	-7.244470057206665e-05
-3.725687952599994e-05	-0.9119312878292499	-0.0009253252325483333	-0.000652749784190238
-0.024331801443128333	-0.295508077815375	-0.0001987040595391667	-0.0002817314879456666
-0.012794159880371999	-0.13855973224974497	-5.020371555499999e-05	-0.0001460588012135809
-6.632235919133333e-05	-0.6182190958514999	-0.0005061233059616667	-0.0003471987322761905
-0.029392906758800005	-0.36135004611085003	-0.00026260643261773333	-0.0003729444944556667
-0.032340664580633345	-0.39400178320632506	-0.00029781355596136664	-0.00042210830607709523
0.0001828218154749994	-0.28385730182424995	-0.00015728361029333334	-0.00010972008941523809
0.0005960997169999952	-0.8428719247361249	-0.0008157483694075	-0.0005826941740940476
0.0012410539538453334	-0.0553907609418	-2.4253957626699997e-05	-7.106352913235236e-05
